City,Station,Datetime,CO,NH3,NO2,OZONE,PM10,PM2.5,SO2
Agartala,"Bardowali, Agartala - Tripura SPCB",2026-08-28 22:00:00,35.0,2.0,13.0,1.0,75.0,43.0,14.0
Mumbai,"Borivali East, Mumbai - IITM",2026-08-28 22:00:00,32.0,2.0,11.0,34.0,45.0,21.0,14.0
Mumbai,"Bandra Kurla Complex, Mumbai - IITM",2026-08-28 22:00:00,26.0,2.0,11.0,11.0,68.0,14.0,5.0
Motihari,"Gandak Colony, Motihari - BSPCB",2026-08-28 22:00:00,13.0,1.0,3.0,56.0,43.0,50.0,3.0
Moradabad,"Transport Nagar, Moradabad - UPPCB",2026-08-28 22:00:00,55.0,5.0,24.0,102.0,89.0,74.0,21.0
Moradabad,"Kashiram Nagar, Moradabad - UPPCB",2026-08-28 22:00:00,40.0,4.0,25.0,21.0,60.0,54.0,21.0
Moradabad,"Jigar Colony, Moradabad - UPPCB",2026-08-28 22:00:00,40.0,6.0,25.0,22.0,63.0,48.0,45.0
Moradabad,"Employment Office, Moradabad - UPPCB",2026-08-28 22:00:00,12.0,3.0,23.0,18.0,58.0,63.0,33.0
Moradabad,"Eco Herbal Park, Moradabad - UPPCB",2026-08-28 22:00:00,16.0,6.0,17.0,25.0,63.0,60.0,10.0
Moradabad,"Buddhi Vihar, Moradabad - UPPCB",2026-08-28 22:00:00,19.0,5.0,29.0,42.0,72.0,42.0,34.0
Modinagar,"SRM University, Modinagar - UPPCB",2026-08-28 22:00:00,18.0,3.0,19.0,19.0,103.0,74.0,14.0
Mira-Bhayandar,"Bhayandar West, Mira-Bhayandar - MPCB",2026-08-28 22:00:00,11.0,2.0,4.0,13.0,26.0,19.0,2.0
Milupara,"Govt. Higher Secondary School, Milupara - CECB",2026-08-28 22:00:00,12.0,1.0,22.0,39.0,16.0,13.0,14.0
Mehsana,"Sadanand Nagar, Mehsana - Nexteng Enviro",2026-08-28 22:00:00,44.0,0.0,4.0,9.0,75.0,36.0,14.0
Meerut,"Pallavpuram Phase 2, Meerut - UPPCB",2026-08-28 22:00:00,27.0,7.0,27.0,22.0,130.0,119.0,13.0
Meerut,"MIET College, Meerut - UPPCB",2026-08-28 22:00:00,50.0,3.0,31.0,31.0,116.0,45.0,2.0
Meerut,"Ganga Nagar, Meerut - UPPCB",2026-08-28 22:00:00,48.0,7.0,44.0,57.0,116.0,69.0,22.0
Mathura,"Pali Dungra, Mathura - UPPCB",2026-08-28 22:00:00,18.0,1.0,4.0,8.0,120.0,29.0,12.0
Manguraha,"Forest Rest House, Manguraha - BSPCB",2026-08-28 22:00:00,42.0,1.0,13.0,34.0,120.0,29.0,12.0
Manesar,"Sector-2 IMT, Manesar - HSPCB",2026-08-28 22:00:00,42.0,1.0,13.0,9.0,120.0,29.0,12.0
Mandideep,"Sector-D Industrial Area, Mandideep - MPPCB",2026-08-28 22:00:00,31.0,1.0,13.0,25.0,109.0,103.0,12.0
Mandi Gobindgarh,"RIMT University, Mandi Gobindgarh - PPCB",2026-08-28 22:00:00,48.0,5.0,25.0,62.0,93.0,62.0,12.0
Malegaon,"Mahesh Nagar, Malegaon - MPCB",2026-08-28 22:00:00,20.0,1.0,17.0,20.0,86.0,50.0,1.0
Maihar,"Sahilara, Maihar - KJS Cements",2026-08-28 22:00:00,26.0,1.0,17.0,20.0,35.0,10.0,12.0
Mahad,"Kamble Tarf Birwadi, Mahad - MPCB",2026-08-28 22:00:00,40.0,3.0,10.0,27.0,39.0,29.0,8.0
Madikeri,"Stuart Hill, Madikeri - KSPCB",2026-08-28 22:00:00,12.0,1.0,2.0,2.0,23.0,22.0,7.0
Machilipatnam,"Srinivas Nagar Colony, Machilipatnam - APPCB",2026-08-28 22:00:00,19.0,3.0,32.0,31.0,23.0,22.0,9.0
Lucknow,"Talkatora District Industries Center, Lucknow - CPCB",2026-08-28 22:00:00,43.0,14.0,20.0,32.0,23.0,22.0,9.0
Mumbai,"Byculla, Mumbai - BMC",2026-08-28 22:00:00,32.0,2.0,9.0,8.0,24.0,15.0,5.0
Lucknow,"Lalbagh, Lucknow - CPCB",2026-08-28 22:00:00,29.0,14.0,22.0,31.0,24.0,15.0,5.0
Mumbai,"Chakala-Andheri East, Mumbai - IITM",2026-08-28 22:00:00,26.0,1.0,4.0,8.0,36.0,35.0,7.0
Mumbai,"Chhatrapati Shivaji Intl. Airport (T2), Mumbai - MPCB",2026-08-28 22:00:00,26.0,1.0,13.0,8.0,29.0,25.0,7.0
Nanded,"Sneh Nagar, Nanded - MPCB",2026-08-28 22:00:00,23.0,1.0,13.0,44.0,29.0,25.0,7.0
Nalbari,"Bata Chowk, Nalbari - PCBA",2026-08-28 22:00:00,21.0,6.0,15.0,19.0,52.0,72.0,8.0
Naharlagun,"Naharlagun, Naharlagun - APSPCB",2026-08-28 22:00:00,10.0,1.0,8.0,7.0,35.0,30.0,11.0
Nagpur,"Ram Nagar, Nagpur - MPCB",2026-08-28 22:00:00,12.0,1.0,8.0,20.0,73.0,69.0,3.0
Nagpur,"Opp GPO Civil Lines, Nagpur - MPCB",2026-08-28 22:00:00,35.0,5.0,16.0,9.0,50.0,40.0,5.0
Nagpur,"Mahal, Nagpur - MPCB",2026-08-28 22:00:00,47.0,4.0,14.0,14.0,59.0,45.0,14.0
Nagpur,"Ambazari, Nagpur - MPCB",2026-08-28 22:00:00,25.0,2.0,16.0,16.0,69.0,49.0,11.0
Nagaur,"Karni Colony, Nagaur - RSPCB",2026-08-28 22:00:00,11.0,5.0,4.0,43.0,108.0,25.0,4.0
Nagaon,"Christianpatty, Nagaon - PCBA",2026-08-28 22:00:00,23.0,4.0,1.0,12.0,53.0,59.0,12.0
Mysuru,"Hebbal 1st Stage, Mysuru - KSPCB",2026-08-28 22:00:00,20.0,4.0,19.0,36.0,61.0,23.0,3.0
Muzaffarpur,"MIT-Daudpur Kothi, Muzaffarpur - BSPCB",2026-08-28 22:00:00,12.0,1.0,3.0,15.0,33.0,27.0,15.0
Muzaffarpur,"Buddha Colony, Muzaffarpur - BSPCB",2026-08-28 22:00:00,23.0,15.0,12.0,14.0,75.0,67.0,5.0
Muzaffarnagar,"New Mandi, Muzaffarnagar - UPPCB",2026-08-28 22:00:00,47.0,2.0,26.0,38.0,122.0,96.0,16.0
Munger,"Town Hall, Munger - BSPCB",2026-08-28 22:00:00,36.0,3.0,12.0,14.0,122.0,96.0,73.0
Mumbai,"Worli, Mumbai - MPCB",2026-08-28 22:00:00,35.0,5.0,5.0,7.0,122.0,96.0,8.0
Mumbai,"Sion, Mumbai - MPCB",2026-08-28 22:00:00,18.0,1.0,50.0,7.0,12.0,8.0,5.0
Mumbai,"Siddharth Nagar-Worli, Mumbai - IITM",2026-08-28 22:00:00,48.0,1.0,12.0,18.0,36.0,11.0,5.0
Mumbai,"Shivaji Nagar, Mumbai - BMC",2026-08-28 22:00:00,21.0,3.0,9.0,12.0,65.0,20.0,10.0
Mumbai,"Sewri, Mumbai - BMC",2026-08-28 22:00:00,24.0,3.0,9.0,7.0,37.0,19.0,10.0
Mumbai,"Mazgaon, Mumbai - IITM",2026-08-28 22:00:00,52.0,2.0,28.0,18.0,45.0,21.0,11.0
Mumbai,"Malad West, Mumbai - IITM",2026-08-28 22:00:00,33.0,2.0,17.0,10.0,20.0,13.0,5.0
Mumbai,"Kurla, Mumbai - MPCB",2026-08-28 22:00:00,25.0,2.0,9.0,28.0,45.0,39.0,29.0
Mumbai,"Khindipada-Bhandup West, Mumbai - IITM",2026-08-28 22:00:00,35.0,2.0,17.0,19.0,46.0,11.0,7.0
Mumbai,"Kherwadi_Bandra East, Mumbai - MPCB",2026-08-28 22:00:00,33.0,2.0,17.0,17.0,46.0,11.0,7.0
Mumbai,"Kandivali West, Mumbai - BMC",2026-08-28 22:00:00,21.0,4.0,20.0,13.0,12.0,11.0,5.0
Mumbai,"Ghatkopar, Mumbai - BMC",2026-08-28 22:00:00,22.0,4.0,3.0,4.0,39.0,16.0,3.0
Mumbai,"Deonar, Mumbai - IITM",2026-08-28 22:00:00,20.0,7.0,6.0,15.0,36.0,19.0,4.0
Mumbai,"Chembur, Mumbai - MPCB",2026-08-28 22:00:00,7.0,7.0,6.0,9.0,42.0,16.0,2.0
Nandesari,"GIDC, Nandesari - Nandesari Ind. Association",2026-08-28 22:00:00,39.0,7.0,13.0,9.0,56.0,52.0,5.0
Lucknow,"Kukrail Picnic Spot-1, Lucknow - UPPCB",2026-08-28 22:00:00,15.0,6.0,32.0,10.0,39.0,33.0,29.0
Lucknow,"Gomti Nagar, Lucknow - UPPCB",2026-08-28 22:00:00,39.0,6.0,9.0,42.0,25.0,25.0,11.0
Karauli,"Satyawati Vihar, Karauli - RSPCB",2026-08-28 22:00:00,23.0,6.0,46.0,1.0,78.0,44.0,2.0
Kanpur,"Nehru Nagar, Kanpur - UPPCB",2026-08-28 22:00:00,47.0,6.0,47.0,8.0,35.0,39.0,11.0
Kanpur,"NSI Kalyanpur, Kanpur - UPPCB",2026-08-28 22:00:00,17.0,2.0,31.0,21.0,59.0,45.0,24.0
Kanpur,"FTI Kidwai Nagar, Kanpur - UPPCB",2026-08-28 22:00:00,32.0,3.0,27.0,11.0,59.0,43.0,38.0
Kalyan,"Pimpleshwar Mandir, Kalyan - MPCB",2026-08-28 22:00:00,40.0,1.0,17.0,14.0,47.0,27.0,12.0
Kalyan,"Khadakpada, Kalyan - MPCB",2026-08-28 22:00:00,40.0,1.0,37.0,8.0,46.0,52.0,12.0
Kalaburagi,"Mahatma Basaveswar Colony, Kalaburgi - KSPCB",2026-08-28 22:00:00,35.0,2.0,13.0,15.0,32.0,23.0,3.0
Kakinada,"Rama Rao Peta, Kakinada - APPCB",2026-08-28 22:00:00,14.0,5.0,49.0,18.0,49.0,43.0,11.0
Kaithal,"Rishi Nagar, Kaithal - HSPCB",2026-08-28 22:00:00,16.0,5.0,22.0,5.0,49.0,43.0,11.0
Kadapa,"Yerramukkapalli, Kadapa - APPCB",2026-08-28 22:00:00,27.0,3.0,23.0,42.0,59.0,63.0,12.0
Jorapokhar,"Tata Stadium, Jorapokhar - JSPCB",2026-08-28 22:00:00,39.0,3.0,8.0,6.0,81.0,60.0,21.0
Jodhpur,"Samrat Ashok Udhyan, Jodhpur - RSPCB",2026-08-28 22:00:00,8.0,2.0,3.0,26.0,82.0,26.0,3.0
Jodhpur,"Mandor, Jodhpur - RSPCB",2026-08-28 22:00:00,6.0,3.0,5.0,65.0,88.0,26.0,4.0
Jodhpur,"Jhalamand, Jodhpur - RSPCB",2026-08-28 22:00:00,12.0,3.0,5.0,45.0,64.0,23.0,5.0
Jodhpur,"Digari Kalan, Jodhpur - RSPCB",2026-08-28 22:00:00,10.0,3.0,12.0,48.0,82.0,22.0,6.0
Jodhpur,"Collectorate, Jodhpur - RSPCB",2026-08-28 22:00:00,17.0,4.0,24.0,13.0,68.0,40.0,10.0
Jind,"Police Lines, Jind - HSPCB",2026-08-28 22:00:00,7.0,5.0,13.0,11.0,77.0,134.0,29.0
Jhunjhunu,"Indra Nagar, Jhunjhunu - RSPCB",2026-08-28 22:00:00,18.0,18.0,7.0,52.0,96.0,35.0,4.0
Jhansi,"Shivaji Nagar, Jhansi - UPPCB",2026-08-28 22:00:00,9.0,4.0,6.0,6.0,92.0,54.0,25.0
Jhalawar,"Rajlaxmi Nagar, Jhalawar - RSPCB",2026-08-28 22:00:00,50.0,4.0,28.0,42.0,75.0,54.0,8.0
Jalna,"Old MIDC, Jalna - MPCB",2026-08-28 22:00:00,26.0,4.0,28.0,37.0,75.0,54.0,8.0
Jalgaon,"Prabhat Colony, Jalgaon - MPCB",2026-08-28 22:00:00,34.0,1.0,4.0,30.0,41.0,31.0,4.0
Jalandhar,"Civil Line, Jalandhar - PPCB",2026-08-28 22:00:00,48.0,2.0,38.0,32.0,46.0,53.0,19.0
Jaisalmer,"Sadar Bazar, Jaisalmer - RSPCB",2026-08-28 22:00:00,22.0,15.0,38.0,49.0,101.0,34.0,4.0
Jaipur,"Shastri Nagar, Jaipur - RSPCB",2026-08-28 22:00:00,23.0,8.0,27.0,7.0,107.0,69.0,10.0
Jaipur,"Sector-2 Murlipura, Jaipur - RSPCB",2026-08-28 22:00:00,63.0,8.0,21.0,14.0,101.0,59.0,4.0
Jaipur,"RIICO Sitapura, Jaipur - RSPCB",2026-08-28 22:00:00,26.0,2.0,29.0,72.0,111.0,87.0,13.0
Karnal,"Sector-12, Karnal - HSPCB",2026-08-28 22:00:00,50.0,8.0,15.0,30.0,83.0,74.0,12.0
Lucknow,"Kendriya Vidyalaya, Lucknow - CPCB",2026-08-28 22:00:00,31.0,14.0,26.0,47.0,30.0,21.0,8.0
Karwar,"KHB Colony, Karwar - KSPCB",2026-08-28 22:00:00,31.0,2.0,11.0,47.0,15.0,11.0,8.0
Katihar,"Mirchaibari, Katihar - BSPCB",2026-08-28 22:00:00,86.0,1.0,2.0,29.0,34.0,33.0,21.0
Lucknow,"B R Ambedkar University, Lucknow - UPPCB",2026-08-28 22:00:00,24.0,3.0,12.0,16.0,23.0,13.0,30.0
Leh,"Skara Yokma, Leh - LPCC",2026-08-28 22:00:00,189.0,3.0,12.0,177.0,22.0,14.0,9.0
Latur,"Sawe Wadi, Latur - MPCB",2026-08-28 22:00:00,7.0,3.0,10.0,33.0,52.0,36.0,4.0
Kurukshetra,"Sector-7, Kurukshetra - HSPCB",2026-08-28 22:00:00,11.0,6.0,9.0,18.0,95.0,83.0,6.0
Kurnool,"Sita Rama Nagar, Kurnool - APPCB",2026-08-28 22:00:00,10.0,6.0,27.0,24.0,43.0,44.0,10.0
Kunjemura,"OP Jindal School, Kunjemura - CECB",2026-08-28 22:00:00,17.0,2.0,11.0,6.0,31.0,8.0,14.0
Kota,"Shrinath Puram, Kota - RSPCB",2026-08-28 22:00:00,46.0,5.0,8.0,11.0,77.0,64.0,6.0
Kota,"Nayapura, Kota - RSPCB",2026-08-28 22:00:00,18.0,1.0,23.0,48.0,103.0,59.0,8.0
Kota,"Dhanmandi, Kota - RSPCB",2026-08-28 22:00:00,15.0,3.0,18.0,48.0,87.0,36.0,9.0
Korba,"Urja Nagar, Korba - CECB",2026-08-28 22:00:00,20.0,1.0,4.0,5.0,13.0,9.0,9.0
Korba,"Rampur, Korba - CECB",2026-08-28 22:00:00,15.0,1.0,4.0,17.0,13.0,9.0,9.0
Kolkata,"Victoria, Kolkata - WBPCB",2026-08-28 22:00:00,45.0,6.0,31.0,28.0,95.0,76.0,5.0
Kolkata,"Rabindra Sarobar, Kolkata - WBPCB",2026-08-28 22:00:00,36.0,6.0,14.0,17.0,37.0,35.0,9.0
Kolkata,"Rabindra Bharati University, Kolkata - WBPCB",2026-08-28 22:00:00,37.0,9.0,32.0,42.0,81.0,70.0,10.0
Kolkata,"Jadavpur, Kolkata - WBPCB",2026-08-28 22:00:00,29.0,12.0,51.0,13.0,65.0,58.0,6.0
Kolkata,"Fort William, Kolkata - WBPCB",2026-08-28 22:00:00,23.0,7.0,21.0,37.0,59.0,56.0,5.0
Kolkata,"Bidhannagar, Kolkata - WBPCB",2026-08-28 22:00:00,28.0,5.0,14.0,35.0,50.0,31.0,8.0
Kolkata,"Ballygunge, Kolkata - WBPCB",2026-08-28 22:00:00,27.0,9.0,41.0,16.0,67.0,45.0,5.0
Kolhapur,"Sinchan Bhavan, Kolhapur - MPCB",2026-08-28 22:00:00,10.0,1.0,4.0,16.0,28.0,20.0,0.0
Kolhapur,"Shivaji University, Kolhapur - MPCB",2026-08-28 22:00:00,14.0,3.0,10.0,13.0,37.0,34.0,1.0
Kohima,"PWD Junction, Kohima - NPCB",2026-08-28 22:00:00,4.0,1.0,3.0,13.0,21.0,20.0,59.0
Kishanganj,"SDM Office_Khagra, Kishanganj - BSPCB",2026-08-28 22:00:00,40.0,3.0,7.0,33.0,49.0,56.0,7.0
Khurja,"Kalindi Kunj, Khurja - UPPCB",2026-08-28 22:00:00,43.0,1.0,12.0,13.0,96.0,45.0,10.0
Khora,"Prashant Garden, Khora - UPPCB",2026-08-28 22:00:00,32.0,6.0,25.0,15.0,106.0,136.0,1.0
Khanna,"Kalal Majra, Khanna - PPCB",2026-08-28 22:00:00,63.0,8.0,19.0,27.0,126.0,174.0,12.0
Keonjhar,"Jagamohanpur, Keonjhar - OSPCB",2026-08-28 22:00:00,41.0,2.0,16.0,23.0,61.0,70.0,22.0
Katni,"Gole Bazar, Katni - MPPCB",2026-08-28 22:00:00,31.0,2.0,12.0,16.0,44.0,30.0,21.0
Kashipur,"Govt. Girls Inter College, Kashipur - UKPCB",2026-08-28 22:00:00,18.0,8.0,7.0,9.0,44.0,30.0,21.0
Narnaul,"Shastri Nagar, Narnaul - HSPCB",2026-08-28 22:00:00,13.0,5.0,46.0,32.0,128.0,87.0,10.0
Nashik,"Gangapur Road, Nashik - MPCB",2026-08-28 22:00:00,27.0,3.0,5.0,13.0,31.0,24.0,4.0
Nashik,"Hirawadi, Nashik - MPCB",2026-08-28 22:00:00,44.0,3.0,16.0,21.0,42.0,13.0,14.0
Surat,"Katargam, Surat - Nexteng Enviro",2026-08-28 22:00:00,49.0,1.0,14.0,7.0,60.0,34.0,8.0
Srinagar,"Rajbagh, Srinagar - JKPCC",2026-08-28 22:00:00,10.0,9.0,19.0,1.0,41.0,26.0,3.0
Srinagar,"Khunmoh, Srinagar - JKPCC",2026-08-28 22:00:00,10.0,9.0,16.0,1.0,70.0,11.0,4.0
Srikakulam,"Chinna Bharatham Colony, Srikakulam - APPCB",2026-08-28 22:00:00,80.0,4.0,33.0,30.0,70.0,66.0,16.0
Sri Ganganagar,"Old City, Sri Ganganagar - RSPCB",2026-08-28 22:00:00,43.0,8.0,44.0,27.0,156.0,36.0,4.0
Sonipat,"Murthal, Sonipat - HSPCB",2026-08-28 22:00:00,36.0,8.0,44.0,49.0,156.0,36.0,4.0
Solapur,"Ratandeep Housing Society, Solapur - MPCB",2026-08-28 22:00:00,23.0,4.0,13.0,34.0,41.0,33.0,1.0
Solapur,"Dnyaneshwar Nagar, Solapur - MPCB",2026-08-28 22:00:00,9.0,7.0,6.0,15.0,38.0,21.0,2.0
Siwan,"Chitragupta Nagar, Siwan - BSPCB",2026-08-28 22:00:00,65.0,1.0,2.0,7.0,105.0,78.0,7.0
Sivasagar,"Girls College, Sivasagar - PCBA",2026-08-28 22:00:00,18.0,3.0,11.0,37.0,33.0,31.0,8.0
Sirsa,"F-Block, Sirsa - HSPCB",2026-08-28 22:00:00,84.0,14.0,20.0,33.0,120.0,52.0,39.0
Sirohi,"Vedhaynath Colony, Sirohi - RSPCB",2026-08-28 22:00:00,13.0,4.0,5.0,61.0,86.0,30.0,6.0
Singrauli,"Suryakiran Bhawan NCL, Singrauli - MPPCB",2026-08-28 22:00:00,29.0,3.0,9.0,17.0,26.0,20.0,66.0
Silchar,"Tarapur, Silchar - PCBA",2026-08-28 22:00:00,36.0,1.0,18.0,7.0,42.0,37.0,6.0
Sikar,"Radhakishan Pura, Sikar - RSPCB",2026-08-28 22:00:00,16.0,11.0,8.0,35.0,141.0,64.0,4.0
Shivamogga,"Vinoba Nagara, Shivamogga - KSPCB",2026-08-28 22:00:00,30.0,2.0,21.0,39.0,53.0,34.0,4.0
Shillong,"JN Stadium, Shillong - Meghalaya PCB",2026-08-28 22:00:00,36.0,2.0,4.0,9.0,18.0,11.0,23.0
Shamli,"New Tehsil, Shamli - UPPCB",2026-08-28 22:00:00,43.0,1.0,10.0,17.0,96.0,79.0,3.0
Sawai Madhopur,"Sahu Nagar, Sawai Madhopur - RSPCB",2026-08-28 22:00:00,12.0,4.0,13.0,51.0,104.0,51.0,8.0
Satna,"Bandhavgar Colony, Satna - Birla Cement",2026-08-28 22:00:00,21.0,4.0,13.0,57.0,70.0,50.0,8.0
Satara,"Koyana Nagar, Satara - MPCB",2026-08-28 22:00:00,25.0,1.0,7.0,14.0,77.0,27.0,5.0
Sangli,"Vijay Nagar, Sangli - MPCB",2026-08-28 22:00:00,17.0,1.0,4.0,20.0,77.0,27.0,5.0
Samastipur,"DM Office_Kasipur, Samastipur - BSPCB",2026-08-28 22:00:00,17.0,1.0,8.0,6.0,91.0,152.0,13.0
Saharsa,"Police Line, Saharsa - BSPCB",2026-08-28 22:00:00,40.0,4.0,7.0,15.0,89.0,38.0,17.0
Sagar,"Civil Lines, Sagar - MPPCB",2026-08-28 22:00:00,15.0,2.0,9.0,37.0,45.0,31.0,6.0
Rupnagar,"Ratanpura, Rupnagar - Ambuja Cements",2026-08-28 22:00:00,53.0,2.0,27.0,37.0,29.0,27.0,11.0
Rourkela,"Sector-2, Rourkela - OSPCB",2026-08-28 22:00:00,36.0,2.0,11.0,37.0,39.0,33.0,11.0
Surat,"Science Center, Surat - SMC",2026-08-28 22:00:00,37.0,2.0,5.0,37.0,41.0,44.0,16.0
Rourkela,"Raghunathpali, Rourkela - OSPCB",2026-08-28 22:00:00,36.0,1.0,10.0,11.0,32.0,16.0,4.0
Talcher,"Talcher Coalfields,Talcher - OSPCB",2026-08-28 22:00:00,23.0,6.0,62.0,15.0,87.0,42.0,13.0
Thane,"Kasarvadavali, Thane - MPCB",2026-08-28 22:00:00,36.0,0.0,10.0,11.0,46.0,33.0,8.0
Vrindavan,"Omex Eternity, Vrindavan - UPPCB",2026-08-28 22:00:00,7.0,8.0,27.0,17.0,68.0,83.0,25.0
Visakhapatnam,"GVM Corporation, Visakhapatnam - APPCB",2026-08-28 22:00:00,16.0,4.0,69.0,14.0,133.0,74.0,23.0
Virar,"Bolinj, Virar - MPCB",2026-08-28 22:00:00,13.0,5.0,8.0,15.0,34.0,23.0,3.0
Vijayawada,"Rajiv Nagar, Vijayawada - APPCB",2026-08-28 22:00:00,21.0,3.0,19.0,30.0,59.0,53.0,10.0
Vijayawada,"Rajiv Gandhi Park, Vijayawada - APPCB",2026-08-28 22:00:00,30.0,6.0,37.0,28.0,77.0,70.0,10.0
Vijayawada,"HB Colony, Vijayawada - APPCB",2026-08-28 22:00:00,26.0,4.0,19.0,18.0,58.0,54.0,11.0
Vijayapura,"Ibrahimpur, Vijayapura - KSPCB",2026-08-28 22:00:00,22.0,4.0,11.0,16.0,43.0,27.0,3.0
Vatva,"Phase-4 GIDC, Vatva - GPCB",2026-08-28 22:00:00,49.0,5.0,33.0,25.0,101.0,70.0,21.0
Varanasi,"Maldahiya, Varanasi - UPPCB",2026-08-28 22:00:00,13.0,0.0,3.0,4.0,33.0,14.0,30.0
Varanasi,"IESD Banaras Hindu University, Varanasi - UPPCB",2026-08-28 22:00:00,2.0,0.0,2.0,8.0,15.0,13.0,18.0
Varanasi,"Bhelupur, Varanasi - UPPCB",2026-08-28 22:00:00,11.0,1.0,8.0,10.0,127.0,118.0,26.0
Varanasi,"Ardhali Bazar, Varanasi - UPPCB",2026-08-28 22:00:00,14.0,1.0,22.0,13.0,127.0,118.0,5.0
Vapi,"Phase-1 GIDC, Vapi - GPCB",2026-08-28 22:00:00,14.0,5.0,13.0,12.0,42.0,31.0,20.0
Vadodara,"Bapunagar, Vadodara - Nexteng Enviro",2026-08-28 22:00:00,76.0,2.0,11.0,4.0,67.0,42.0,8.0
Ulhasnagar,"Vithalwadi, Ulhasnagar - MPCB",2026-08-28 22:00:00,17.0,7.0,5.0,13.0,37.0,14.0,5.0
Ulhasnagar,"Sidhi Vinayak Nagar, Ulhasnagar - MPCB",2026-08-28 22:00:00,11.0,2.0,10.0,9.0,56.0,53.0,3.0
Ujjain,"Mahashweta Nagar, Ujjain - MPPCB",2026-08-28 22:00:00,49.0,12.0,8.0,58.0,68.0,47.0,4.0
Udaipur,"Ashok Nagar, Udaipur - RSPCB",2026-08-28 22:00:00,42.0,3.0,20.0,32.0,96.0,92.0,7.0
Tumidih,"OP Jindal Industrial Park, Tumidih - CECB",2026-08-28 22:00:00,19.0,1.0,22.0,32.0,16.0,92.0,5.0
Tonk,"Shastri Nagar, Tonk - RSPCB",2026-08-28 22:00:00,66.0,4.0,8.0,43.0,135.0,103.0,3.0
Tirupati,"Vaikuntapuram, Tirupati - APPCB",2026-08-28 22:00:00,27.0,4.0,31.0,41.0,85.0,57.0,21.0
Tirumala,"Toll Gate, Tirumala - APPCB",2026-08-28 22:00:00,15.0,2.0,46.0,13.0,30.0,22.0,6.0
Thrissur,"Corporation Ground, Thrissur - Kerala PCB",2026-08-28 22:00:00,15.0,0.0,9.0,30.0,53.0,49.0,0.0
Thoothukudi,"Meelavittan, Thoothukudi - TNPCB",2026-08-28 22:00:00,32.0,0.0,15.0,30.0,64.0,49.0,11.0
Thiruvananthapuram,"Plammoodu, Thiruvananthapuram - Kerala PCB",2026-08-28 22:00:00,6.0,1.0,3.0,18.0,28.0,19.0,18.0
Thiruvananthapuram,"Kariavattom, Thiruvananthapuram - Kerala PCB",2026-08-28 22:00:00,22.0,0.0,6.0,31.0,66.0,39.0,4.0
Thane,"Upvan Fort, Thane - MPCB",2026-08-28 22:00:00,11.0,1.0,4.0,13.0,30.0,16.0,3.0
Tensa,"Barsua Iron Ore Mines, Tensa - OSPCB",2026-08-28 22:00:00,22.0,1.0,4.0,38.0,41.0,12.0,33.0
Rourkela,"Fertilizer Township, Rourkela - OSPCB",2026-08-28 22:00:00,20.0,1.0,4.0,38.0,41.0,12.0,33.0
Rohtak,"MD University, Rohtak - HSPCB",2026-08-28 22:00:00,42.0,1.0,9.0,28.0,83.0,116.0,11.0
Rishikesh,"Shivaji Nagar, Rishikesh - UKPCB",2026-08-28 22:00:00,37.0,8.0,7.0,15.0,9.0,2.0,1.0
Patna,"Samanpura, Patna - BSPCB",2026-08-28 22:00:00,22.0,5.0,24.0,23.0,103.0,82.0,3.0
Patna,"Rajbansi Nagar, Patna - BSPCB",2026-08-28 22:00:00,44.0,3.0,31.0,28.0,41.0,34.0,6.0
Patna,"Muradpur, Patna - BSPCB",2026-08-28 22:00:00,48.0,5.0,4.0,64.0,61.0,47.0,9.0
Patna,"Govt. High School Shikarpur, Patna - BSPCB",2026-08-28 22:00:00,39.0,6.0,6.0,68.0,52.0,41.0,13.0
Patna,"DRM Office Danapur, Patna - BSPCB",2026-08-28 22:00:00,46.0,9.0,23.0,52.0,92.0,48.0,6.0
Patiala,"Model Town, Patiala - PPCB",2026-08-28 22:00:00,34.0,5.0,14.0,34.0,75.0,38.0,20.0
Parbhani,"Masoom Colony, Parbhani - MPCB",2026-08-28 22:00:00,12.0,2.0,7.0,84.0,37.0,26.0,1.0
Panipat,"Sector-18, Panipat - HSPCB",2026-08-28 22:00:00,27.0,10.0,7.0,42.0,108.0,112.0,49.0
Panchkula,"Sector-6, Panchkula - HSPCB ",2026-08-28 22:00:00,19.0,10.0,30.0,54.0,108.0,47.0,11.0
Panchgaon,"Amity University, Panchgaon - IITM",2026-08-28 22:00:00,28.0,3.0,26.0,51.0,77.0,94.0,13.0
Pampore,"Khrew, Pampore - JKPCC",2026-08-28 22:00:00,28.0,3.0,17.0,51.0,70.0,50.0,3.0
Palwal,"Shyam Nagar, Palwal - HSPCB",2026-08-28 22:00:00,62.0,6.0,24.0,10.0,54.0,48.0,12.0
Pali,"Indira Colony Vistar, Pali - RSPCB",2026-08-28 22:00:00,17.0,6.0,18.0,31.0,141.0,112.0,11.0
Noida,"Sector-116, Noida - UPPCB",2026-08-28 22:00:00,57.0,13.0,28.0,56.0,168.0,137.0,12.0
Noida,"Sector-1, Noida - UPPCB",2026-08-28 22:00:00,71.0,11.0,35.0,34.0,139.0,81.0,8.0
Noida,"Sector - 62, Noida - IITM",2026-08-28 22:00:00,32.0,11.0,51.0,34.0,119.0,92.0,8.0
Noida,"Sector - 125, Noida - UPPCB",2026-08-28 22:00:00,17.0,3.0,16.0,15.0,149.0,69.0,6.0
Nellore,"Ambedkar Nagar, Nellore - APPCB ",2026-08-28 22:00:00,40.0,7.0,30.0,35.0,67.0,54.0,14.0
Nayagarh,"Dabuna, Nayagarh - OSPCB",2026-08-28 22:00:00,14.0,9.0,7.0,11.0,139.0,50.0,18.0
Navi Mumbai,"Tondare-Taloja, Navi Mumbai - MPCB",2026-08-28 22:00:00,42.0,7.0,10.0,20.0,52.0,41.0,3.0
Navi Mumbai,"Sector-2E Kalamboli, Navi Mumbai - MPCB",2026-08-28 22:00:00,16.0,7.0,8.0,6.0,28.0,19.0,5.0
Navi Mumbai,"Sanpada, Navi Mumbai - MPCB",2026-08-28 22:00:00,14.0,4.0,6.0,7.0,37.0,15.0,4.0
Navi Mumbai,"Nerul, Navi Mumbai - MPCB",2026-08-28 22:00:00,14.0,1.0,5.0,7.0,37.0,21.0,4.0
Navi Mumbai,"Mahape, Navi Mumbai - MPCB",2026-08-28 22:00:00,28.0,1.0,43.0,9.0,54.0,18.0,14.0
Navi Mumbai,"Kopripada-Vashi, Navi Mumbai - MPCB",2026-08-28 22:00:00,27.0,2.0,8.0,13.0,42.0,20.0,1.0
Nashik,"Pandav Nagari, Nashik - MPCB",2026-08-28 22:00:00,13.0,1.0,4.0,14.0,27.0,15.0,3.0
Nashik,"MIDC Ambad, Nashik - MPCB",2026-08-28 22:00:00,19.0,3.0,4.0,17.0,44.0,26.0,3.0
Pimpri-Chinchwad,"Bhosari, Pune - IITM",2026-08-28 22:00:00,40.0,3.0,25.0,18.0,65.0,28.0,3.0
Pimpri-Chinchwad,"Bhumkar Nagar, Pune - IITM",2026-08-28 22:00:00,40.0,3.0,21.0,9.0,50.0,41.0,3.0
Pimpri-Chinchwad,"Gavalinagar, Pimpri Chinchwad - MPCB",2026-08-28 22:00:00,10.0,2.0,9.0,13.0,39.0,31.0,1.0
Pimpri-Chinchwad,"Park Street Wakad, Pimpri Chinchwad - MPCB",2026-08-28 22:00:00,14.0,1.0,12.0,15.0,43.0,28.0,3.0
Ratlam,"Shasthri Nagar, Ratlam - IPCA Lab",2026-08-28 22:00:00,14.0,1.0,46.0,15.0,50.0,46.0,12.0
Ramanagara,"Vijay Nagar, Ramanagara - KSPCB",2026-08-28 22:00:00,31.0,1.0,46.0,29.0,69.0,55.0,18.0
Rajsamand,"Dhoinda, Rajsamand - RSPCB",2026-08-28 22:00:00,17.0,8.0,12.0,38.0,89.0,55.0,5.0
Rajkot,"Mavdi, Rajkot - Nexteng Enviro ",2026-08-28 22:00:00,42.0,1.0,5.0,14.0,45.0,39.0,9.0
Rajamahendravaram,"Anand Kala Kshetram, Rajamahendravaram - APPCB",2026-08-28 22:00:00,26.0,2.0,9.0,37.0,82.0,50.0,5.0
Rairangpur,"Divisional Forest Office, Rairangpur - OSPCB",2026-08-28 22:00:00,15.0,3.0,6.0,12.0,45.0,24.0,5.0
Raipur,"Siltara Phase-II, Raipur - CECB",2026-08-28 22:00:00,18.0,2.0,23.0,4.0,74.0,42.0,13.0
Raipur,"Krishak Nagar, Raipur - CECB",2026-08-28 22:00:00,13.0,2.0,10.0,1.0,42.0,34.0,6.0
Raipur,"Bhatagaon New ISBT, Raipur - CECB",2026-08-28 22:00:00,30.0,2.0,14.0,4.0,44.0,17.0,3.0
Raipur,"AIIMS, Raipur - CECB",2026-08-28 22:00:00,19.0,2.0,3.0,4.0,46.0,31.0,4.0
Raebareli,"Anand Nagar, Raebareli - UPPCB",2026-08-28 22:00:00,82.0,2.0,10.0,66.0,73.0,35.0,13.0
Raebareli," Indira Nagar, Raebareli - NTPC Unchahar",2026-08-28 22:00:00,75.0,11.0,23.0,2.0,67.0,44.0,14.0
Purnia,"Mariam Nagar, Purnia - BSPCB",2026-08-28 22:00:00,58.0,4.0,18.0,24.0,20.0,26.0,17.0
Jaipur,"Police Commissionerate, Jaipur - RSPCB",2026-08-28 22:00:00,58.0,18.0,42.0,36.0,110.0,57.0,15.0
Pune,"Revenue Colony-Shivajinagar, Pune - IITM",2026-08-28 22:00:00,70.0,18.0,17.0,11.0,78.0,28.0,17.0
Pune,"Mhada Colony, Pune - IITM",2026-08-28 22:00:00,56.0,18.0,17.0,16.0,78.0,28.0,17.0
Pune,"Katraj Dairy, Pune - MPCB",2026-08-28 22:00:00,38.0,1.0,11.0,10.0,44.0,25.0,3.0
Pune,"Hadapsar, Pune - IITM",2026-08-28 22:00:00,84.0,1.0,7.0,17.0,52.0,37.0,3.0
Pune,"Dhankawadi, Pune - IITM",2026-08-28 22:00:00,58.0,1.0,14.0,4.0,46.0,24.0,3.0
Puducherry,"Jawahar Nagar, Puducherry - PPCC",2026-08-28 22:00:00,12.0,3.0,11.0,48.0,42.0,23.0,7.0
Prayagraj,"Nagar Nigam, Prayagraj - UPPCB",2026-08-28 22:00:00,16.0,4.0,5.0,11.0,51.0,9.0,21.0
Prayagraj,"Motilal Nehru NIT, Prayagraj - UPPCB",2026-08-28 22:00:00,8.0,8.0,12.0,15.0,36.0,9.0,22.0
Prayagraj,"Jhunsi, Prayagraj - UPPCB",2026-08-28 22:00:00,14.0,6.0,6.0,43.0,19.0,10.0,48.0
Pratapgarh,"Pragati Nagar, Pratapgarh - RSPCB",2026-08-28 22:00:00,9.0,6.0,9.0,48.0,97.0,53.0,2.0
Pithampur,"Sector-2 Industrial Area, Pithampur - MPPCB",2026-08-28 22:00:00,18.0,7.0,10.0,49.0,111.0,49.0,31.0
Pimpri-Chinchwad,"Transport Nagar-Nigdi, Pune - IITM",2026-08-28 22:00:00,43.0,7.0,35.0,24.0,59.0,28.0,31.0
Pimpri-Chinchwad,"Thergaon, Pimpri Chinchwad - MPCB",2026-08-28 22:00:00,29.0,4.0,8.0,14.0,56.0,51.0,2.0
Pimpri-Chinchwad,"Savta Mali Nagar, Pimpri-Chinchwad - IITM",2026-08-28 22:00:00,36.0,4.0,20.0,17.0,51.0,26.0,2.0
Pune,"Panchawati_Pashan, Pune - IITM",2026-08-28 22:00:00,25.0,4.0,8.0,6.0,55.0,35.0,2.0
Jaipur,"Mansarovar Sector-12, Jaipur - RSPCB",2026-08-28 22:00:00,22.0,2.0,8.0,60.0,113.0,41.0,2.0
Jaipur,"Adarsh Nagar, Jaipur - RSPCB",2026-08-28 22:00:00,24.0,4.0,14.0,27.0,104.0,59.0,24.0
Jabalpur,"Suhagi, Jabalpur - JMC",2026-08-28 22:00:00,39.0,6.0,40.0,25.0,92.0,96.0,31.0
Byasanagar,"Ferro Chrome Colony, Byasanagar - OSPCB",2026-08-28 22:00:00,43.0,1.0,14.0,47.0,79.0,62.0,16.0
Bundi,"New Colony, Bundi - RSPCB",2026-08-28 22:00:00,17.0,5.0,21.0,44.0,93.0,40.0,6.0
Bulandshahr,"Yamunapuram, Bulandshahr - UPPCB",2026-08-28 22:00:00,31.0,9.0,20.0,45.0,170.0,63.0,17.0
Brajrajnagar,"GM Office, Brajrajnagar - OSPCB",2026-08-28 22:00:00,50.0,4.0,31.0,43.0,36.0,26.0,17.0
Boisar,"Khaira, Boisar - MPCB",2026-08-28 22:00:00,26.0,5.0,31.0,31.0,53.0,43.0,5.0
Bilaspur,"Mangala, Bilaspur - NTPC",2026-08-28 22:00:00,29.0,5.0,25.0,31.0,53.0,32.0,15.0
Bikaner,"MM Ground, Bikaner - RSPCB",2026-08-28 22:00:00,35.0,4.0,9.0,42.0,107.0,29.0,15.0
Bhubaneswar,"Patia, Bhubaneswar - OSPCB",2026-08-28 22:00:00,46.0,6.0,8.0,35.0,41.0,30.0,8.0
Bhubaneswar,"Lingraj Mandir, Bhubaneswar - OSPCB",2026-08-28 22:00:00,35.0,2.0,14.0,9.0,54.0,50.0,9.0
Bhopal,"T T Nagar, Bhopal - MPPCB",2026-08-28 22:00:00,39.0,6.0,12.0,22.0,81.0,50.0,21.0
Bhopal,"Paryavaran Parisar, Bhopal - MPPCB",2026-08-28 22:00:00,15.0,2.0,10.0,31.0,84.0,44.0,6.0
Bhopal,"Idgah Hills, Bhopal - MPPCB",2026-08-28 22:00:00,28.0,3.0,12.0,16.0,100.0,99.0,6.0
Bhiwani,"H.B. Colony, Bhiwani - HSPCB",2026-08-28 22:00:00,21.0,2.0,8.0,15.0,115.0,139.0,5.0
Bhiwandi,"Gokul Nagar, Bhiwandi - MPCB",2026-08-28 22:00:00,20.0,2.0,5.0,34.0,32.0,31.0,3.0
Bhiwadi,"Vasundhara Nagar_UIT, Bhiwadi - RSPCB",2026-08-28 22:00:00,38.0,2.0,5.0,20.0,32.0,31.0,3.0
Bhiwadi,"RIICO Ind. Area III, Bhiwadi - RSPCB",2026-08-28 22:00:00,27.0,13.0,47.0,25.0,144.0,100.0,9.0
Bhilwara,"Pratap Nagar, Bhilwara - RSPCB",2026-08-28 22:00:00,30.0,6.0,19.0,9.0,116.0,69.0,7.0
Bhilai,"Hathkhoj, Bhilai - CECB",2026-08-28 22:00:00,16.0,8.0,16.0,16.0,45.0,40.0,13.0
Bhilai,"Civic Center, Bhilai - Bhilai Steel Plant",2026-08-28 22:00:00,24.0,1.0,16.0,11.0,26.0,15.0,10.0
Bhilai,"32Bungalows, Bhilai - CECB",2026-08-28 22:00:00,8.0,4.0,8.0,21.0,43.0,24.0,14.0
Bhavnagar,"Vidhyanagar, Bhavnagar - Nexteng Enviro",2026-08-28 22:00:00,61.0,5.0,44.0,28.0,61.0,28.0,7.0
Bharatpur,"Krishna Nagar, Bharatpur - RSPCB",2026-08-28 22:00:00,22.0,4.0,7.0,48.0,50.0,33.0,4.0
Bhagalpur,"Mayaganj, Bhagalpur - BSPCB",2026-08-28 22:00:00,23.0,4.0,7.0,29.0,50.0,33.0,4.0
Bhagalpur,"DM Office_Kachari Chowk, Bhagalpur - BSPCB",2026-08-28 22:00:00,29.0,4.0,12.0,19.0,137.0,99.0,22.0
Bengaluru,"Silk Board, Bengaluru - KSPCB",2026-08-28 22:00:00,49.0,4.0,12.0,17.0,137.0,99.0,22.0
Bengaluru,"Shivapura_Peenya, Bengaluru - KSPCB",2026-08-28 22:00:00,20.0,3.0,40.0,25.0,137.0,37.0,4.0
Bengaluru,"Peenya, Bengaluru - CPCB",2026-08-28 22:00:00,37.0,5.0,24.0,27.0,72.0,10.0,10.0
Byrnihat,"Central Academy for SFS, Byrnihat - PCBA",2026-08-28 22:00:00,57.0,5.0,24.0,19.0,72.0,10.0,10.0
Bengaluru,"Jigani, Bengaluru - KSPCB",2026-08-28 22:00:00,36.0,3.0,18.0,21.0,72.0,10.0,16.0
Chamarajanagar,"Urban, Chamarajanagar - KSPCB",2026-08-28 22:00:00,24.0,2.0,24.0,32.0,42.0,28.0,4.0
Chandigarh,"Sector-25, Chandigarh - CPCC",2026-08-28 22:00:00,21.0,14.0,13.0,21.0,70.0,37.0,6.0
Delhi,"Anand Vihar, Delhi - DPCC",2026-08-28 22:00:00,21.0,10.0,20.0,10.0,249.0,290.0,37.0
Delhi,"Alipur, Delhi - DPCC",2026-08-28 22:00:00,21.0,7.0,64.0,11.0,249.0,290.0,9.0
Dehradun,"Doon University, Dehradun - UKPCB",2026-08-28 22:00:00,33.0,7.0,2.0,18.0,68.0,47.0,1.0
Davanagere,"Devaraj Urs Badavane, Davanagere - KSPCB",2026-08-28 22:00:00,11.0,1.0,8.0,16.0,25.0,14.0,4.0
Dausa,"Khatikan Mohalla, Dausa - RSPCB",2026-08-28 22:00:00,69.0,7.0,18.0,23.0,152.0,64.0,3.0
Damoh,"Shrivastav Colony, Damoh - MPPCB",2026-08-28 22:00:00,18.0,7.0,6.0,23.0,152.0,19.0,49.0
Cuttack,"CDA Area, Cuttack - OSPCB",2026-08-28 22:00:00,40.0,7.0,14.0,42.0,60.0,44.0,9.0
Cuddalore,"Kudikadu, Cuddalore - TNPCB",2026-08-28 22:00:00,40.0,7.0,14.0,18.0,60.0,23.0,23.0
Coimbatore,"SIDCO Kurichi, Coimbatore - TNPCB",2026-08-28 22:00:00,41.0,7.0,14.0,20.0,60.0,23.0,23.0
Churu,"Subash Chowk, Churu - RSPCB",2026-08-28 22:00:00,26.0,7.0,14.0,35.0,60.0,23.0,23.0
Chittorgarh,"Shastri Nagar, Chittorgarh - RSPCB",2026-08-28 22:00:00,4.0,9.0,11.0,61.0,93.0,66.0,4.0
Chittoor,"Gangineni Cheruvu, Chittoor - APPCB",2026-08-28 22:00:00,21.0,7.0,32.0,43.0,67.0,66.0,24.0
Chikkamagaluru,"Kalyana Nagara, Chikkamagaluru - KSPCB",2026-08-28 22:00:00,24.0,7.0,32.0,36.0,67.0,66.0,24.0
Chikkaballapur,"Chikkaballapur Rural, Chikkaballapur - KSPCB",2026-08-28 22:00:00,22.0,1.0,4.0,19.0,57.0,15.0,17.0
Chhapra,"Darshan Nagar, Chhapra - BSPCB",2026-08-28 22:00:00,90.0,1.0,1.0,2.0,112.0,92.0,28.0
Chhal,"Nawapara SECL Colony, Chhal - CECB",2026-08-28 22:00:00,24.0,2.0,8.0,36.0,32.0,27.0,10.0
Chennai,"Velachery Res. Area, Chennai - CPCB",2026-08-28 22:00:00,24.0,3.0,12.0,10.0,95.0,63.0,5.0
Chennai,"Royapuram, Chennai - TNPCB",2026-08-28 22:00:00,52.0,4.0,14.0,31.0,61.0,47.0,5.0
Chennai,"Perungudi, Chennai - TNPCB",2026-08-28 22:00:00,39.0,1.0,10.0,1.0,67.0,32.0,5.0
Chennai,"Manali, Chennai - CPCB",2026-08-28 22:00:00,23.0,1.0,10.0,11.0,67.0,32.0,5.0
Chennai,"Manali Village, Chennai - TNPCB",2026-08-28 22:00:00,42.0,2.0,17.0,68.0,52.0,32.0,18.0
Chennai,"Kodungaiyur, Chennai - TNPCB",2026-08-28 22:00:00,30.0,4.0,13.0,30.0,63.0,40.0,6.0
Chennai,"Arumbakkam, Chennai - TNPCB",2026-08-28 22:00:00,30.0,2.0,19.0,30.0,96.0,34.0,1.0
Charkhi Dadri,"Mini Secretariat, Charkhi Dadri - HSPCB",2026-08-28 22:00:00,14.0,6.0,15.0,30.0,96.0,148.0,8.0
Chandrapur,"MIDC Khutala, Chandrapur - MPCB",2026-08-28 22:00:00,40.0,6.0,15.0,22.0,89.0,29.0,8.0
Chandrapur,"Chauhan Colony, Chandrapur - MPCB",2026-08-28 22:00:00,28.0,1.0,15.0,4.0,95.0,73.0,11.0
Chandigarh,"Sector-53, Chandigarh - CPCC",2026-08-28 22:00:00,33.0,4.0,33.0,15.0,36.0,18.0,3.0
Chandigarh,"Sector 22, Chandigarh - CPCC",2026-08-28 22:00:00,37.0,5.0,3.0,10.0,44.0,37.0,5.0
Bengaluru,"Jayanagar 5th Block, Bengaluru - KSPCB",2026-08-28 22:00:00,17.0,0.0,13.0,31.0,46.0,34.0,3.0
Bengaluru,"Hombegowda Nagar, Bengaluru - KSPCB",2026-08-28 22:00:00,22.0,1.0,17.0,37.0,45.0,21.0,5.0
Bengaluru,"Hebbal, Bengaluru - KSPCB",2026-08-28 22:00:00,18.0,2.0,17.0,2.0,37.0,25.0,5.0
Ankleshwar,"GIDC, Ankleshwar - GPCB",2026-08-28 22:00:00,32.0,6.0,30.0,45.0,59.0,36.0,20.0
Angul,"Hakimapada, Angul - OSPCB",2026-08-28 22:00:00,47.0,2.0,10.0,50.0,56.0,35.0,11.0
Anantapur,"Gulzarpet, Anantapur - APPCB",2026-08-28 22:00:00,21.0,4.0,17.0,29.0,62.0,57.0,14.0
Amritsar,"Golden Temple, Amritsar - PPCB",2026-08-28 22:00:00,25.0,5.0,17.0,20.0,103.0,81.0,16.0
Amravati,"Shri Shivaji Science College, Amravati - MPCB",2026-08-28 22:00:00,24.0,3.0,5.0,22.0,63.0,33.0,3.0
Amravati,"Shivneri Colony, Amravati - MPCB",2026-08-28 22:00:00,20.0,2.0,5.0,17.0,55.0,35.0,8.0
Ambernath,"Chinchpada, Ambernath - MPCB",2026-08-28 22:00:00,11.0,3.0,24.0,7.0,71.0,25.0,25.0
Ambala,"Patti Mehar, Ambala - HSPCB",2026-08-28 22:00:00,44.0,6.0,7.0,57.0,169.0,75.0,25.0
Amaravati,"Secretariat, Amaravati - APPCB",2026-08-28 22:00:00,12.0,5.0,31.0,38.0,133.0,35.0,12.0
Alwar,"Moti Doongri, Alwar - RSPCB",2026-08-28 22:00:00,65.0,8.0,31.0,32.0,119.0,104.0,26.0
Akola,"Ramdaspeth, Akola - MPCB",2026-08-28 22:00:00,23.0,8.0,19.0,22.0,54.0,35.0,10.0
Ajmer,"Civil Lines,  Ajmer - RSPCB",2026-08-28 22:00:00,41.0,6.0,17.0,12.0,128.0,60.0,10.0
Aizawl,"Sikulpuikawn, Aizawl - Mizoram PCB",2026-08-28 22:00:00,3.0,0.0,1.0,1.0,11.0,60.0,14.0
Ahmedabad,"SVPI Airport Hansol, Ahmedabad - IITM",2026-08-28 22:00:00,39.0,2.0,22.0,16.0,89.0,26.0,29.0
Ahmedabad,"SAC ISRO Satellite, Ahmedabad - IITM",2026-08-28 22:00:00,1.0,1.0,21.0,9.0,72.0,46.0,2.0
Ahmedabad,"SAC ISRO Bopal, Ahmedabad - IITM",2026-08-28 22:00:00,26.0,4.0,17.0,20.0,61.0,54.0,3.0
Ahmedabad,"Rakhial, Ahmedabad - IITM",2026-08-28 22:00:00,10.0,3.0,40.0,3.0,80.0,35.0,25.0
Ahmedabad,"Raikhad, Ahmedabad - IITM",2026-08-28 22:00:00,57.0,2.0,18.0,10.0,80.0,37.0,14.0
Ahmedabad,"Maninagar, Ahmedabad - GPCB",2026-08-28 22:00:00,77.0,2.0,36.0,65.0,80.0,76.0,18.0
Ahmedabad,"Gyaspur, Ahmedabad - IITM",2026-08-28 22:00:00,66.0,3.0,37.0,12.0,99.0,51.0,11.0
Ahmedabad,"Chandkheda, Ahmedabad - IITM",2026-08-28 22:00:00,19.0,5.0,8.0,10.0,83.0,55.0,9.0
Agra,"Shastripuram, Agra - UPPCB",2026-08-28 22:00:00,21.0,3.0,18.0,3.0,37.0,45.0,33.0
Agra,"Shahjahan Garden, Agra - UPPCB",2026-08-28 22:00:00,14.0,1.0,26.0,3.0,42.0,28.0,75.0
Agra,"Sector-3B Avas Vikas Colony, Agra - UPPCB",2026-08-28 22:00:00,12.0,6.0,35.0,13.0,105.0,83.0,27.0
Agra,"Sanjay Palace, Agra - UPPCB",2026-08-28 22:00:00,37.0,6.0,14.0,1.0,120.0,10.0,18.0
Agra,"Rohta, Agra - UPPCB",2026-08-28 22:00:00,23.0,6.0,16.0,16.0,97.0,45.0,12.0
Agra,"Manoharpur, Agra - UPPCB",2026-08-28 22:00:00,20.0,2.0,31.0,6.0,95.0,144.0,16.0
Araria,"Kharahiya Basti, Araria - BSPCB",2026-08-28 22:00:00,27.0,4.0,15.0,39.0,29.0,23.0,20.0
Arrah,"New DM Office, Arrah - BSPCB",2026-08-28 22:00:00,51.0,2.0,7.0,9.0,41.0,35.0,5.0
Asansol,"Asansol Court Area, Asansol - WBPCB",2026-08-28 22:00:00,65.0,6.0,39.0,25.0,54.0,51.0,13.0
Asansol,"Evelyn Lodge, Asansol - WBPCB",2026-08-28 22:00:00,48.0,6.0,13.0,21.0,45.0,40.0,77.0
Bengaluru,"City Railway Station, Bengaluru - KSPCB",2026-08-28 22:00:00,55.0,6.0,31.0,21.0,99.0,40.0,12.0
Bengaluru,"Bapuji Nagar, Bengaluru - KSPCB",2026-08-28 22:00:00,33.0,3.0,22.0,25.0,61.0,34.0,24.0
Belgaum,"Ramteerth Nagar, Belgaum - KSPCB",2026-08-28 22:00:00,1.0,3.0,29.0,19.0,26.0,20.0,23.0
Belapur,"CBD Belapur, Belapur - MPCB",2026-08-28 22:00:00,27.0,3.0,29.0,13.0,26.0,20.0,23.0
Begusarai,"Lohiyanagar, Begusarai - BSPCB",2026-08-28 22:00:00,16.0,2.0,9.0,38.0,100.0,62.0,21.0
Beed,"Bir, Beed - MPCB",2026-08-28 22:00:00,14.0,3.0,11.0,18.0,44.0,22.0,7.0
Bathinda,"Hardev Nagar, Bathinda - PPCB",2026-08-28 22:00:00,22.0,3.0,28.0,18.0,86.0,78.0,15.0
Barrackpore,"SVSPA Campus, Barrackpore - WBPCB",2026-08-28 22:00:00,57.0,6.0,12.0,8.0,46.0,37.0,12.0
Barmer,"Railway Colony, Barmer - RSPCB",2026-08-28 22:00:00,17.0,2.0,6.0,52.0,91.0,27.0,12.0
Baripada,"Meher Colony, Baripada - OSPCB",2026-08-28 22:00:00,17.0,1.0,17.0,54.0,60.0,45.0,7.0
Bareilly,"Rajendra Nagar, Bareilly - UPPCB",2026-08-28 22:00:00,24.0,1.0,9.0,54.0,58.0,47.0,2.0
Bareilly,"Civil Lines, Bareilly - UPPCB",2026-08-28 22:00:00,34.0,0.0,8.0,54.0,33.0,33.0,47.0
Barbil,"Forest Office, Barbil - OSPCB",2026-08-28 22:00:00,11.0,2.0,6.0,49.0,56.0,54.0,9.0
Delhi,"Ashok Vihar, Delhi - DPCC",2026-08-28 22:00:00,100.0,8.0,29.0,5.0,139.0,83.0,21.0
Baraut,"Nagar Palika Parishad, Baraut - UPPCB",2026-08-28 22:00:00,23.0,8.0,29.0,4.0,139.0,83.0,21.0
Banswara,"Rati Talai, Banswara - RSPCB",2026-08-28 22:00:00,6.0,3.0,29.0,30.0,79.0,25.0,10.0
Ballabgarh,"Nathu Colony, Ballabgarh - HSPCB",2026-08-28 22:00:00,20.0,5.0,20.0,23.0,46.0,37.0,2.0
Balasore,"Kalidaspur, Balasore - OSPCB",2026-08-28 22:00:00,48.0,3.0,10.0,37.0,40.0,33.0,5.0
Bahadurgarh,"Arya Nagar, Bahadurgarh - HSPCB",2026-08-28 22:00:00,32.0,8.0,25.0,39.0,115.0,64.0,8.0
Baghpat,"Sardar Patel Inter College, Baghpat - UPPCB",2026-08-28 22:00:00,22.0,2.0,24.0,37.0,114.0,55.0,13.0
Badlapur,"Katrap, Badlapur - MPCB",2026-08-28 22:00:00,15.0,7.0,17.0,3.0,22.0,17.0,6.0
Baddi,"HIMUDA Complex Phase-1, Baddi - HPPCB",2026-08-28 22:00:00,102.0,4.0,11.0,36.0,143.0,92.0,6.0
Aurangabad,"Rachnakar Colony, Aurangabad - MPCB",2026-08-28 22:00:00,23.0,1.0,11.0,12.0,51.0,46.0,3.0
Aurangabad,"More Chowk Waluj, Aurangabad - MPCB",2026-08-28 22:00:00,28.0,7.0,10.0,14.0,50.0,49.0,26.0
Aurangabad,"MIDC Chilkalthana, Aurangabad - MPCB",2026-08-28 22:00:00,25.0,1.0,13.0,28.0,43.0,29.0,7.0
Aurangabad,"Gurdeo Nagar, Aurangabad - BSPCB",2026-08-28 22:00:00,25.0,1.0,13.0,3.0,43.0,29.0,7.0
Asansol,"Trivenidevi Bhalotia College, Asansol - WBPCB",2026-08-28 22:00:00,52.0,6.0,8.0,6.0,33.0,29.0,41.0
Asansol,"Mahabir Colliery, Asansol - WBPCB",2026-08-28 22:00:00,68.0,0.0,2.0,13.0,47.0,52.0,8.0
Baran,"Bamboliya, Baran - RSPCB",2026-08-28 22:00:00,44.0,5.0,26.0,33.0,86.0,23.0,3.0
Yadgir,"Collector Office, Yadgir - KSPCB",2026-08-28 22:00:00,10.0,0.0,5.0,19.0,51.0,17.0,15.0
Delhi,"Aya Nagar, Delhi - IITM",2026-08-28 22:00:00,22.0,0.0,28.0,22.0,132.0,60.0,15.0
Delhi,"Burari Crossing, Delhi - IITM",2026-08-28 22:00:00,34.0,0.0,14.0,42.0,130.0,69.0,15.0
Gwalior,"Maharaj Bada, Gwalior - MPPCB",2026-08-28 22:00:00,80.0,3.0,18.0,23.0,102.0,97.0,19.0
Gwalior,"Deen Dayal Nagar, Gwalior - MPPCB",2026-08-28 22:00:00,55.0,4.0,49.0,25.0,92.0,35.0,9.0
Gwalior,"City Center, Gwalior - MPPCB",2026-08-28 22:00:00,29.0,2.0,41.0,30.0,55.0,52.0,21.0
Guwahati,"Railway Colony, Guwahati - PCBA",2026-08-28 22:00:00,15.0,1.0,3.0,15.0,52.0,50.0,7.0
Guwahati,"Pan Bazaar, Guwahati - PCBA",2026-08-28 22:00:00,22.0,1.0,1.0,13.0,52.0,50.0,31.0
Guwahati,"LGBI Airport, Guwahati - PCBA",2026-08-28 22:00:00,27.0,4.0,14.0,13.0,45.0,57.0,11.0
Guwahati,"IITG, Guwahati - PCBA",2026-08-28 22:00:00,78.0,1.0,2.0,8.0,13.0,15.0,33.0
Gurugram,"Vikas Sadan, Gurugram - HSPCB",2026-08-28 22:00:00,42.0,1.0,7.0,32.0,12.0,12.0,11.0
Gurugram,"Teri Gram, Gurugram - HSPCB",2026-08-28 22:00:00,10.0,13.0,49.0,27.0,96.0,119.0,12.0
Gurugram,"Sector-51, Gurugram - HSPCB",2026-08-28 22:00:00,44.0,13.0,40.0,39.0,129.0,139.0,7.0
Gurugram,"NISE Gwal Pahari, Gurugram - IITM",2026-08-28 22:00:00,24.0,13.0,17.0,25.0,128.0,59.0,7.0
Guntur,"Rajendra Nagar North, Guntur - APPCB",2026-08-28 22:00:00,21.0,8.0,41.0,26.0,61.0,53.0,13.0
Gummidipoondi,"Anthoni Pillai Nagar, Gummidipoondi - TNPCB",2026-08-28 22:00:00,21.0,1.0,23.0,26.0,112.0,125.0,21.0
Greater Noida,"Knowledge Park - V, Greater Noida - UPPCB",2026-08-28 22:00:00,12.0,9.0,35.0,60.0,170.0,76.0,6.0
Greater Noida,"Knowledge Park - III, Greater Noida - UPPCB",2026-08-28 22:00:00,56.0,9.0,20.0,35.0,98.0,67.0,7.0
Gorakhpur,"Madan Mohan Malaviya University of Technology, Gorakhpur - UPPCB",2026-08-28 22:00:00,6.0,1.0,11.0,13.0,71.0,117.0,48.0
Ghaziabad,"Wave City, Ghaziabad - UPPCB",2026-08-28 22:00:00,65.0,1.0,19.0,12.0,71.0,117.0,3.0
Ghaziabad,"Ved Vihar-Loni, Ghaziabad - UPPCB",2026-08-28 22:00:00,94.0,12.0,32.0,13.0,122.0,123.0,6.0
Ghaziabad,"Vasundhara, Ghaziabad - UPPCB",2026-08-28 22:00:00,80.0,7.0,50.0,19.0,161.0,99.0,9.0
Ghaziabad,"Sanjay Nagar, Ghaziabad - UPPCB",2026-08-28 22:00:00,49.0,11.0,35.0,25.0,61.0,62.0,6.0
Ghaziabad,"Loni, Ghaziabad - UPPCB",2026-08-28 22:00:00,28.0,6.0,46.0,21.0,185.0,91.0,14.0
Ghaziabad,"Indirapuram, Ghaziabad - UPPCB",2026-08-28 22:00:00,22.0,6.0,37.0,29.0,87.0,85.0,14.0
Ghaziabad,"Govindpuram, Ghaziabad - UPPCB",2026-08-28 22:00:00,38.0,1.0,54.0,28.0,29.0,30.0,2.0
Gaya,"SFTI Kusdihra, Gaya - BSPCB",2026-08-28 22:00:00,26.0,6.0,29.0,26.0,30.0,25.0,8.0
Gaya,"Kareemganj, Gaya - BSPCB",2026-08-28 22:00:00,26.0,1.0,29.0,43.0,30.0,25.0,43.0
Gaya,"Collectorate, Gaya - BSPCB",2026-08-28 22:00:00,12.0,1.0,9.0,29.0,30.0,44.0,7.0
Gangtok,"Zero Point GICI, Gangtok - SSPCB",2026-08-28 22:00:00,3.0,1.0,8.0,2.0,18.0,23.0,1.0
Hajipur,"Industrial Area, Hajipur - BSPCB",2026-08-28 22:00:00,25.0,9.0,22.0,51.0,73.0,71.0,3.0
Gandhinagar,"Sector-10, Gandhinagar - GPCB",2026-08-28 22:00:00,15.0,0.0,5.0,51.0,55.0,39.0,5.0
Haldia,"Priyambada Housing Estate, Haldia - WBPCB",2026-08-28 22:00:00,35.0,11.0,15.0,27.0,54.0,48.0,8.0
Hapur,"Anand Vihar, Hapur - UPPCB",2026-08-28 22:00:00,45.0,9.0,15.0,69.0,105.0,67.0,10.0
Jabalpur,"Marhatal, Jabalpur - MPPCB",2026-08-28 22:00:00,59.0,3.0,42.0,16.0,16.0,22.0,12.0
Jabalpur,"Govindh Bhavan Colony, Jabalpur - JMC",2026-08-28 22:00:00,40.0,9.0,64.0,36.0,36.0,31.0,6.0
Indore,"Residency Area, Indore - IMC",2026-08-28 22:00:00,2.0,0.0,64.0,6.0,50.0,45.0,2.0
Indore,"Regional Park, Indore - IMC",2026-08-28 22:00:00,2.0,2.0,4.0,5.0,34.0,28.0,38.0
Indore,"Maguda Nagar, Indore - IMC",2026-08-28 22:00:00,20.0,2.0,3.0,11.0,34.0,33.0,34.0
Indore,"Chhoti Gwaltoli, Indore - MPPCB",2026-08-28 22:00:00,27.0,7.0,65.0,26.0,95.0,54.0,16.0
Indore,"Airport Area, Indore - IMC",2026-08-28 22:00:00,35.0,0.0,23.0,5.0,60.0,60.0,9.0
Hyderabad,"Zoo Park, Hyderabad - TSPCB",2026-08-28 22:00:00,20.0,2.0,9.0,4.0,26.0,23.0,2.0
Hyderabad,"Somajiguda, Hyderabad - TSPCB",2026-08-28 22:00:00,37.0,3.0,17.0,15.0,57.0,53.0,7.0
Hyderabad,"Sanathnagar, Hyderabad - TSPCB",2026-08-28 22:00:00,36.0,3.0,37.0,33.0,57.0,21.0,10.0
Hyderabad,"Ramachandrapuram, Hyderabad - TSPCB",2026-08-28 22:00:00,31.0,3.0,12.0,19.0,54.0,34.0,8.0
Hyderabad,"New Malakpet, Hyderabad - TSPCB",2026-08-28 22:00:00,29.0,3.0,15.0,24.0,52.0,34.0,9.0
Hyderabad,"Nacharam_TSIIC IALA, Hyderabad - TSPCB",2026-08-28 22:00:00,34.0,3.0,14.0,21.0,60.0,34.0,9.0
Hyderabad,"Kompally Municipal Office, Hyderabad - TSPCB",2026-08-28 22:00:00,24.0,2.0,15.0,25.0,57.0,35.0,12.0
Hyderabad,"IITH Kandi, Hyderabad - TSPCB",2026-08-28 22:00:00,33.0,3.0,14.0,24.0,52.0,42.0,10.0
Hyderabad,"IDA Pashamylaram, Hyderabad - TSPCB",2026-08-28 22:00:00,12.0,1.0,21.0,39.0,50.0,29.0,10.0
Hyderabad,"ICRISAT Patancheru, Hyderabad - TSPCB",2026-08-28 22:00:00,10.0,2.0,16.0,34.0,59.0,23.0,8.0
Hyderabad,"ECIL Kapra, Hyderabad - TSPCB",2026-08-28 22:00:00,28.0,3.0,14.0,30.0,54.0,42.0,10.0
Hyderabad,"Central University, Hyderabad - TSPCB",2026-08-28 22:00:00,20.0,2.0,16.0,11.0,19.0,20.0,6.0
Hyderabad,"Bollaram Industrial Area, Hyderabad - TSPCB",2026-08-28 22:00:00,51.0,5.0,22.0,26.0,34.0,28.0,12.0
Hubballi,"Lingaraj Nagar, Hubballi - KSPCB",2026-08-28 22:00:00,13.0,1.0,8.0,26.0,49.0,36.0,2.0
Howrah,"Ghusuri, Howrah - WBPCB",2026-08-28 22:00:00,27.0,3.0,60.0,24.0,102.0,89.0,7.0
Howrah,"Dasnagar, Howrah - WBPCB",2026-08-28 22:00:00,61.0,2.0,6.0,36.0,68.0,71.0,8.0
Howrah,"Botanical Garden, Howrah - WBPCB",2026-08-28 22:00:00,18.0,4.0,13.0,29.0,55.0,65.0,3.0
Howrah,"Belur Math, Howrah - WBPCB",2026-08-28 22:00:00,31.0,4.0,33.0,10.0,67.0,49.0,8.0
Hisar,"Urban Estate-II, Hisar - HSPCB",2026-08-28 22:00:00,14.0,10.0,26.0,23.0,116.0,83.0,5.0
Hingoli,"Ashta Vinayak Nagar, Hingoli - MPCB",2026-08-28 22:00:00,16.0,2.0,6.0,26.0,71.0,35.0,4.0
Hanumangarh,"Housing Board, Hanumangarh - RSPCB",2026-08-28 22:00:00,21.0,7.0,9.0,46.0,91.0,47.0,9.0
Gandhinagar,"IIPHG Lekawada, Gandhinagar - IITM",2026-08-28 22:00:00,16.0,1.0,7.0,8.0,100.0,31.0,3.0
Gandhinagar,"GIFT City, Gandhinagar - IITM",2026-08-28 22:00:00,37.0,6.0,37.0,6.0,91.0,11.0,3.0
Gajraula,"Rajanpur, Gajraula - UPPCB",2026-08-28 22:00:00,71.0,1.0,15.0,17.0,104.0,86.0,12.0
Delhi,"Patparganj, Delhi - DPCC",2026-08-28 22:00:00,45.0,10.0,32.0,14.0,130.0,51.0,12.0
Delhi,"Okhla Phase-2, Delhi - DPCC",2026-08-28 22:00:00,56.0,7.0,30.0,19.0,150.0,72.0,8.0
Delhi,"North Campus, DU, Delhi - IITM",2026-08-28 22:00:00,64.0,7.0,107.0,45.0,133.0,67.0,8.0
Delhi,"Nehru Nagar, Delhi - DPCC",2026-08-28 22:00:00,58.0,7.0,28.0,18.0,155.0,98.0,12.0
Delhi,"Narela, Delhi - DPCC",2026-08-28 22:00:00,67.0,9.0,27.0,18.0,136.0,90.0,11.0
Delhi,"Najafgarh, Delhi - DPCC",2026-08-28 22:00:00,24.0,7.0,13.0,14.0,125.0,50.0,17.0
Delhi,"NSUT Jaffarpur, Delhi - DPCC",2026-08-28 22:00:00,37.0,2.0,11.0,17.0,116.0,71.0,1.0
Delhi,"NSIT Dwarka, Delhi - CPCB",2026-08-28 22:00:00,41.0,7.0,35.0,24.0,103.0,30.0,29.0
Delhi,"Mundka, Delhi - DPCC",2026-08-28 22:00:00,40.0,7.0,70.0,7.0,141.0,51.0,12.0
Delhi,"Mandir Marg, Delhi - DPCC",2026-08-28 22:00:00,32.0,8.0,16.0,12.0,125.0,62.0,31.0
Delhi,"Major Dhyan Chand National Stadium, Delhi - DPCC",2026-08-28 22:00:00,28.0,10.0,34.0,23.0,126.0,63.0,20.0
Delhi,"Jawaharlal Nehru Stadium, Delhi - DPCC",2026-08-28 22:00:00,24.0,8.0,5.0,30.0,135.0,85.0,13.0
Delhi,"Jahangirpuri, Delhi - DPCC",2026-08-28 22:00:00,110.0,11.0,31.0,18.0,165.0,99.0,21.0
Delhi,"JNU, Delhi - DPCC",2026-08-28 22:00:00,43.0,3.0,17.0,18.0,114.0,68.0,2.0
Delhi,"ITO, Delhi - CPCB",2026-08-28 22:00:00,48.0,4.0,61.0,16.0,138.0,54.0,18.0
Delhi,"IMD Lodhi Road, Delhi - IITM",2026-08-28 22:00:00,16.0,4.0,17.0,40.0,132.0,91.0,18.0
Delhi,"IIT Delhi, Delhi - IITM",2026-08-28 22:00:00,24.0,4.0,19.0,29.0,199.0,69.0,18.0
Delhi,"IHBAS, Dilshad Garden, Delhi - CPCB",2026-08-28 22:00:00,40.0,2.0,47.0,17.0,97.0,89.0,25.0
Delhi,"IGNOU_Maidan Garhi, Delhi - DPCC",2026-08-28 22:00:00,45.0,2.0,13.0,3.0,116.0,24.0,6.0
Delhi,"IGI Airport (T3), Delhi - IITM",2026-08-28 22:00:00,13.0,2.0,55.0,59.0,132.0,62.0,6.0
Delhi,"Dwarka-Sector 8, Delhi - DPCC ",2026-08-28 22:00:00,28.0,6.0,33.0,15.0,173.0,47.0,14.0
Delhi,"Dr. Karni Singh Shooting Range, Delhi - DPCC",2026-08-28 22:00:00,36.0,5.0,19.0,18.0,142.0,78.0,6.0
Delhi,"DTU, Delhi - CPCB",2026-08-28 22:00:00,6.0,7.0,29.0,22.0,109.0,73.0,32.0
Delhi,"Commonwealth Sports Complex, Delhi - DPCC",2026-08-28 22:00:00,52.0,2.0,21.0,34.0,115.0,77.0,6.0
Delhi,"Chandni Chowk, Delhi - IITM",2026-08-28 22:00:00,89.0,6.0,21.0,14.0,85.0,68.0,8.0
Delhi,"Cantonment Area, Delhi - DPCC",2026-08-28 22:00:00,89.0,3.0,6.0,6.0,78.0,26.0,4.0
Delhi,"CRRI Mathura Road, Delhi - IITM",2026-08-28 22:00:00,49.0,3.0,26.0,24.0,169.0,85.0,4.0
Delhi,"Punjabi Bagh, Delhi - DPCC",2026-08-28 22:00:00,42.0,3.0,22.0,10.0,148.0,84.0,42.0
Delhi,"Pusa, Delhi - DPCC",2026-08-28 22:00:00,90.0,8.0,33.0,3.0,158.0,69.0,10.0
Delhi,"Pusa, Delhi - IITM",2026-08-28 22:00:00,39.0,8.0,52.0,65.0,125.0,67.0,10.0
Delhi,"R K Puram, Delhi - DPCC",2026-08-28 22:00:00,67.0,6.0,27.0,24.0,144.0,117.0,11.0
Gadag,"Panchal Nagar, Gadag - KSPCB",2026-08-28 22:00:00,61.0,4.0,19.0,17.0,70.0,59.0,27.0
Firozabad,"Vibhab Nagar, Firozabad - UPPCB",2026-08-28 22:00:00,32.0,7.0,15.0,1.0,41.0,29.0,7.0
Fatehpur Sikri,"Dadupura, Fatehpur Sikri - UPPCB",2026-08-28 22:00:00,15.0,2.0,7.0,15.0,68.0,57.0,11.0
Fatehabad,"Huda Sector, Fatehabad - HSPCB",2026-08-28 22:00:00,49.0,14.0,19.0,16.0,109.0,79.0,84.0
Faridabad,"Sector 30, Faridabad - HSPCB",2026-08-28 22:00:00,89.0,11.0,37.0,10.0,162.0,162.0,7.0
Faridabad,"Sector 11, Faridabad - HSPCB",2026-08-28 22:00:00,59.0,8.0,31.0,16.0,131.0,186.0,7.0
Faridabad,"New Industrial Town, Faridabad - HSPCB",2026-08-28 22:00:00,19.0,11.0,25.0,14.0,114.0,62.0,6.0
Eluru,"District Court, Eluru - APPCB",2026-08-28 22:00:00,20.0,4.0,20.0,25.0,59.0,58.0,11.0
Eloor,"Udyogamandal, Eloor - Kerala PCB",2026-08-28 22:00:00,45.0,0.0,6.0,28.0,65.0,55.0,0.0
Durgapur,"Womens College_City Center, Durgapur - WBPCB",2026-08-28 22:00:00,39.0,6.0,30.0,23.0,79.0,59.0,12.0
Durgapur,"PCBL Residential Complex, Durgapur - WBPCB",2026-08-28 22:00:00,51.0,3.0,65.0,9.0,41.0,37.0,12.0
Durgapur,"Mahishkapur Road_B-Zone, Durgapur - WBPCB",2026-08-28 22:00:00,57.0,1.0,7.0,28.0,55.0,36.0,2.0
Dungarpur,"Bhoiwada, Dungarpur - RSPCB",2026-08-28 22:00:00,32.0,16.0,7.0,39.0,45.0,39.0,3.0
Delhi,"Bawana, Delhi - DPCC",2026-08-28 22:00:00,32.0,14.0,16.0,11.0,118.0,96.0,13.0
Dombivli,"Kalu Nagar, Dombivli - MPCB",2026-08-28 22:00:00,11.0,1.0,10.0,33.0,19.0,6.0,27.0
Dholpur,"Raja Ganj, Dholpur - RSPCB",2026-08-28 22:00:00,30.0,10.0,8.0,23.0,73.0,64.0,3.0
Dharwad,"Kalabhavan, Dharwad - KSPCB",2026-08-28 22:00:00,35.0,6.0,23.0,29.0,71.0,52.0,7.0
Dharuhera,"Municipal Corporation Office, Dharuhera -  HSPCB",2026-08-28 22:00:00,28.0,12.0,38.0,37.0,43.0,45.0,8.0
Dhanbad,"Sardar Patel Nagar, Dhanbad - JSPCB",2026-08-28 22:00:00,12.0,12.0,103.0,23.0,43.0,45.0,8.0
Dewas,"Bhopal Chauraha, Dewas - MPPCB",2026-08-28 22:00:00,28.0,2.0,60.0,37.0,78.0,41.0,54.0
Delhi,"Wazirpur, Delhi - DPCC",2026-08-28 22:00:00,71.0,9.0,45.0,7.0,211.0,104.0,24.0
Delhi,"Vivek Vihar, Delhi - DPCC",2026-08-28 22:00:00,46.0,5.0,33.0,6.0,131.0,58.0,6.0
Delhi,"Talkatora Garden, Delhi - DPCC",2026-08-28 22:00:00,40.0,2.0,19.0,12.0,116.0,72.0,1.0
Delhi,"Sri Aurobindo Marg, Delhi - DPCC",2026-08-28 22:00:00,44.0,3.0,21.0,13.0,131.0,83.0,1.0
Delhi,"Sonia Vihar, Delhi - DPCC",2026-08-28 22:00:00,43.0,13.0,37.0,10.0,143.0,86.0,9.0
Delhi,"Sirifort, Delhi - CPCB",2026-08-28 22:00:00,24.0,11.0,38.0,11.0,141.0,91.0,31.0
Delhi,"Shadipur, Delhi - CPCB",2026-08-28 22:00:00,24.0,8.0,55.0,10.0,96.0,45.0,12.0
Delhi,"Rohini, Delhi - DPCC",2026-08-28 22:00:00,44.0,5.0,6.0,15.0,165.0,100.0,9.0
Dhule,"Deopur, Dhule - MPCB",2026-08-28 22:00:00,2.0,1.0,8.0,11.0,29.0,29.0,1.0
Yamuna Nagar,"Gobind Pura, Yamuna Nagar - HSPCB",2026-08-28 22:00:00,50.0,4.0,16.0,39.0,86.0,96.0,12.0
